i,58.64313828276247
my,28.718545837356725
ve,27.414291900716712
feel,26.01002574748245
t,25.207103075313515
me,25.32485036686511
don,24.728731225436892
m,20.63364733643632
myself,20.89913784356295
just,19.64605088301477
but,18.106676931235175
depression,17.233151582580316
it,15.006588565834631
s,14.377058551469203
like,14.95675644851945
so,13.512508686331124
have,13.003250473943092
really,12.05302985692023
because,12.340163969053336
friends,11.918343917730107
people,11.086765989834568
know,11.483863686276566
worse,10.45178593891162
depressed,10.986452674193627
always,10.538178904430355
want,10.599137774317413
amp,10.711646160915365
anxiety,10.016145465864032
even,10.99207164140602
sometimes,10.054643719368004
am,10.049343535242086
things,10.795591179973169
overthinking,10.303534418972914
tldr,10.303534418972914
doesn,10.085810425160352
boxcutter,10.303534418972914
life,9.353575424510572
and,9.342193718225806
anymore,9.874192926813434
do,9.492835366445174
shit,9.427341389235089
reddit,9.005526527633
nothing,9.06559795949738
feeling,9.15461619457799
ll,9.60127928243117
didn,9.710875210836056
had,8.665432044046868
to,8.536800034095785
been,8.72771593839431
think,8.394372986995892
going,8.466283404038663
lonely,8.969755964110837
good,8.064519178496722
paulmccarthy,8.412800624562529
anything,8.367751507149443
sad,8.2266373473559
cacsss,8.412800624562529
qualtrics,8.412800624562529
axlwgpphwwwhieh,8.412800624562529
todayilearned,8.412800624562529
neurotypical,8.412800624562529
getting,7.259178301101286
being,7.330951900048368
never,7.788589969683935
im,7.788799181002725
now,7.037374123967406
everything,7.931225518455491
what,7.829779119782108
can,7.3282279439132765
tired,7.472325075631205
hate,7.049179708043357
better,7.64981022792204
feels,7.8439115496756315
makes,7.08458083106317
suicidal,7.248966537257551
a,6.38970630158733
out,6.987993818220657
was,6.7396727420639495
happy,6.019529439502563
girlfriend,6.469971485777707
when,6.20585057078442
emotionally,6.021213892934337
alone,6.076301327445302
still,6.013832095971727
struggling,6.138286388132278
isn,6.4782632506352735
enough,6.186279164023811
lot,6.637242293614626
dont,6.6679550658006335
too,6.512412960157527
failed,6.038659461746197
probably,6.453276322082573
lazy,6.567793678630631
crying,6.098562460066603
some,5.208563551617282
wasn,5.5321369982509045
started,5.623069285667188
awhile,5.894281435226792
they,5.430437588724583
friend,5.404791924528829
them,5.788452799362888
that,5.965873041760755
wanna,5.950166263559647
try,5.489602153538218
person,5.843724691539869
ever,5.7882703325213365
hard,5.516728998393116
past,5.671263754822654
thinking,5.558255952579
mental,5.338117972385441
way,5.847056276034521
years,5.741178883707933
get,5.775534552907803
though,5.980776751271194
couldn,5.576831027585881
much,5.037378171316158
parents,5.30556729930533
dad,5.488710074702464
doing,5.538015948342209
normal,5.447963565597132
constantly,5.321827008281286
trying,5.415581912444074
quit,5.3341538899773795
removed,5.621229933885306
love,5.0059984826792805
peers,5.350406733669247
got,5.565077047055083
literally,5.0535599128391375
worst,5.347567931653097
benzos,5.412582912237097
honestly,5.487310461635165
thoughts,5.233032038927342
emotions,5.062001413993787
sleep,5.137920554458215
something,5.48385261381576
shitty,5.07723747336839
haven,5.9131106943369405
harder,5.488808723942522
mum,5.637192920984645
medication,5.538271471095269
jfe,5.189615794569592
anhedonia,5.365396370642556
selfish,5.403308610417457
coping,5.0213912078527825
only,4.20926140743003
since,4.2353161673301845
felt,4.9601360028416615
time,4.420674389368163
about,4.930585377960002
how,4.415386865791288
with,4.854909820601823
down,4.400202429745058
she,4.507414638459304
hangout,4.003284255817709
tell,4.157822646342617
tried,4.921616497399183
over,4.626786658280617
brother,4.413100407771821
dying,4.099668413771422
job,4.734553837329676
bad,4.830493843014846
again,4.83254795221787
months,4.126581478581024
very,4.801171882713323
stuck,4.811368729825769
everyone,4.7993901080774775
grades,4.290541380860909
thats,4.010465145585277
nice,4.6574820381018744
maybe,4.275867294429848
mind,4.503582273452759
ive,4.057832319195384
sucks,4.97288664806542
etc,4.74695262994702
others,4.122688637600384
day,4.04050818461576
keep,4.341064262849719
wrong,4.825221064201675
genuinely,4.478198830962835
hope,4.9407481324152505
thing,4.40023749261894
someone,4.8879186465485205
anyone,4.940120860481604
often,4.50492775171976
lost,4.925217877878888
anyway,4.346786253801872
believe,4.490586677609999
almost,4.311032862022759
shy,4.7665051015716475
burden,4.040253958714804
unknowingly,4.346688249424566
sick,4.222991026190677
nobody,4.95564297263345
stop,4.849328841781868
introvert,4.764422789265926
cant,4.179949600599507
shes,4.879432570554336
diagnosed,4.684334119204129
sadness,4.47993345690966
seem,4.810146646537178
afraid,4.634307686530184
bed,4.368561986549725
ruined,4.489821596107352
conversing,4.402022277858676
slowly,4.445812738161216
doesnt,4.157865937872111
aren,4.40921389481716
talkative,4.375577414416065
psychiatrist,4.671148366602167
hopefully,4.688016286578961
putting,4.056495373849427
panic,4.419886741514486
countless,4.997466632610842
angry,4.085094981891741
wish,4.115687122190169
terrible,4.868672079667277
anxieties,4.1947439156356285
mdma,4.233237688790026
weed,4.470172011989673
gym,4.025806720206635
okay,4.264993669343828
scared,4.619261213404848
wouldn,4.451497395572694
kill,4.3027915446034655
pathetic,4.484767460093757
gpa,4.148588266536627
whole,3.424656398162764
occasionally,3.2626314334015603
seems,3.694976382485596
no,3.5502935793705928
few,3.705296899140544
weeks,3.6871941227336444
talking,3.7880286564187364
after,3.151159457698433
away,3.7103810699740247
be,3.714944931818893
loser,3.2678458454465114
kid,3.208535459774331
all,3.836552940295208
lately,3.7125361481325516
family,3.758747912338662
telling,3.674064698787146
failure,3.2692974530062306
up,3.9557723616639215
days,3.2229451091044554
dumb,3.7357452337221653
not,3.5847899277172988
guys,3.187787536189776
need,3.918546780983799
relationships,3.485731795466401
loneliness,3.7162697198162378
same,3.05120369185612
basically,3.8040879709168443
every,3.937192524333346
ago,3.572890172107447
self,3.3095222523425347
harm,3.2318434454246145
relationship,3.4030109481020516
exhausted,3.23548396801722
back,3.940918395774348
little,3.3006666628576755
saying,3.2098474406014006
would,3.7656719822688145
hopeless,3.6393002842369957
appreciated,3.4404070283914536
actually,3.7879215287787575
friendships,3.5826878818736425
social,3.258976137765355
siblings,3.28755664036394
reason,3.4314749156553193
if,3.0952504428378105
might,3.13180916286065
absolutely,3.2698518493301956
else,3.6290292774333808
keeps,3.712874085176517
pain,3.033542383521738
worked,3.1694178209231993
died,3.2524108590710483
deal,3.463064872885367
conscious,3.6501677480102956
conversations,3.673601003194638
studying,3.2547465681905243
creatively,3.783645558441965
feelings,3.1273706720710694
moments,3.0574278892454805
him,3.8638584951655517
yesterday,3.295530558814213
suffering,3.9554681752767182
tomorrow,3.912930777646131
killed,3.7920760491735432
forever,3.463005322277956
go,3.5185691920309172
anxious,3.1678737540465733
either,3.5669232156133215
issues,3.0985350761558643
integrate,3.470824187862761
thought,3.04864850206572
unhealthy,3.6954908649377125
awkward,3.401310079662534
somebody,3.143918726306411
around,3.7520186947022336
guessed,3.5686176326340924
persona,3.620461025170982
gotten,3.4781123194320274
struggled,3.402216712504071
symptom,3.0197419288759555
bit,3.036869844788314
won,3.4795193619196447
inside,3.6763540042193013
hooker,3.4752741366240736
told,3.136924019080284
app,3.0621972273782316
paycheck,3.6891542920802345
downhill,3.360509334883635
struggles,3.162170519659395
appointments,3.5469085426220865
enjoyment,3.9979329476613756
hobbies,3.4756206899377817
bullying,3.420163401231074
medications,3.3121882346343865
mood,3.083696724621198
annoying,3.7162078803007463
wellbeing,3.585454261648365
pretty,3.2938039145721163
enjoy,3.847782849153041
empty,3.6471384578278694
comes,3.452081021462101
ain,3.7364969993879824
having,3.774799221410064
constant,3.1641232632982645
miserable,3.3805834844395384
barely,3.5596823875626886
hurt,3.0060644987499807
mentally,3.0106135729170957
childhood,3.019925058374627
curious,3.3762828586266007
alright,3.045628030992404
worries,3.176346863398193
triggered,3.2028262670273446
cried,3.9009490983443924
fucked,3.900786848798479
didnt,3.9630626469630017
happens,3.9664919020764846
oddly,3.6110304070283292
kicked,3.0673118837458255
excited,3.2682598130334486
graduated,3.7207422032880766
goes,3.424038554902042
suck,3.1833328043670885
illnesses,3.172642550463239
personality,3.1224887139409336
jealous,3.342287728180956
therapist,3.7606266455058557
sit,3.980059542210095
uni,3.6669543307657917
antidepressants,3.7871250334043753
suicide,3.9231643954503608
cares,3.834084789241984
motivated,3.735550907233272
motivation,3.4963073474832833
utm,3.9609372812979666
rant,3.03693349066261
thriving,3.5381045135134164
passionate,3.0239382909622585
drained,3.366282279795514
internships,3.9385792109699915
hung,2.4614001011243043
this,2.916754101827004
school,2.284232562783031
made,2.1790240539732504
move,2.2971596619880272
less,2.380207004988967
he,2.726304249756435
honest,2.2614768012125226
smart,2.6122904432904894
or,2.8779209798973864
funny,2.01793387574486
cry,2.225802936600214
become,2.332695961654041
times,2.7545346686530494
invited,2.032064914155138
thinks,2.340204661397238
classes,2.2426080596194873
say,2.2200522882756
useless,2.854794157794719
comfortable,2.615387158014737
most,2.787221458304222
ends,2.711391447092478
situation,2.4131843584040187
dropped,2.1831175725453598
gain,2.0961444984798803
guy,2.3422840800253155
great,2.044630480087254
help,2.379760525200237
end,2.192440073845774
right,2.314146294546314
wonderful,2.211620561090987
sure,2.4975596911377167
advice,2.7913587054185
last,2.2361629861914114
understand,2.4909286179503387
learned,2.444070415427598
is,2.5907183412493215
play,2.7046434785743614
somewhere,2.0572037367767964
taking,2.8204744333402654
ill,2.8000115094730242
painful,2.7625980803242554
chest,2.1046009814251763
desire,2.7069618015871155
live,2.097488642493281
well,2.411281164172156
many,2.501949539405627
who,2.019678223733622
expectations,2.0511330532423795
thank,2.4545781567264897
worry,2.9846717501835145
put,2.8535274737173437
into,2.2926595188821235
beat,2.9515936630802666
meaning,2.210691260634772
struggle,2.29528315408496
perfectly,2.2908545222525487
wired,2.4764398966185746
alien,2.3060522433484634
breakdown,2.5866363716990115
managed,2.1450165286589367
decided,2.7392939997893717
kinda,2.754199320859284
seeing,2.3082424508231987
genuine,2.9882627873175602
week,2.8549992094888093
there,2.926335537014929
matter,2.375307419198258
idea,2.402338024542052
sitting,2.667050263540336
famous,2.191548115416577
mine,2.90280632058034
attention,2.9525150826497213
knowing,2.906854102513925
inadequate,2.8526332894909485
work,2.7607971530046056
touching,2.9571100843293645
whenever,2.062044654288954
degree,2.3662458574237504
closest,2.604964834725703
why,2.532010447355313
although,2.0981257406744533
themselves,2.879274783092744
mom,2.8649653556786094
cause,2.9169741768988673
endless,2.787295834091005
die,2.892075893954894
b,2.2191342254814423
night,2.1763772517392277
her,2.9877043954391396
money,2.182354311202701
blocked,2.689844396989767
gone,2.685938347937797
unless,2.1469276864006193
drugs,2.5397056605494206
mask,2.2237516475409547
valium,2.5057657709193535
avoid,2.6166444133930202
tend,2.0851644345241422
recently,2.4929776946631494
smoking,2.26038631136816
mild,2.624062176764887
supposed,2.9012663391828952
ended,2.0750616640572623
already,2.073806419776533
doctors,2.683699276744235
couple,2.3923146147479586
eat,2.1950752224489607
hygiene,2.818113898182788
sorry,2.6479335745994814
fed,2.200235825577285
ugly,2.563361620514936
attractive,2.210086510246391
noticed,2.150531372436817
especially,2.5495019470844054
lucky,2.072583288859967
peoples,2.3860055559938225
ok,2.8420444902062223
wanted,2.9807036673311647
helps,2.1813100657070934
hours,2.455493428366511
ignored,2.536117540487634
seeking,2.2411246562380382
cruel,2.95576987687665
trouble,2.3830063872344014
abilities,2.549109294171913
hold,2.4417026732491145
forward,2.573433759010461
leave,2.2786271786313548
weak,2.1148454765446263
healthy,2.1537499611029243
fucking,2.2680389672161603
gf,2.9872964827263586
spiral,2.9253006814257794
hit,2.1279904787017694
emotional,2.126328821323288
killing,2.1935302690893157
lose,2.3994916809621314
manage,2.618981893346498
sister,2.361068060175048
guess,2.904926124286911
talked,2.3753684914708355
loved,2.6053168053004208
shoot,2.1554532562760014
worried,2.6466278293360403
conversation,2.96528020451011
stuff,2.0609777597886305
forget,2.355917787482061
stronger,2.4162958249236164
abroad,2.027564215432814
punishment,2.576846768282624
pills,2.089548137509799
losing,2.161080657243091
avoided,2.915205060407844
whereas,2.037401767636031
talent,2.15440291107399
pursue,2.5455746697707977
spend,2.292520148387409
laying,2.9596109662778813
silence,2.414646874306076
sv,2.7156046226724415
awful,2.8095623207757416
went,2.3413257808860086
teenage,2.168681167059853
til,2.749449168507254
disappointed,2.8009986877472017
rn,2.5909463547290645
plenty,2.0544975623866835
homework,2.4129771599007337
mechanic,2.95301206754697
old,1.2828146768648785
lived,1.8600586928207345
somewhat,1.9843372246133069
until,1.5080613200230188
moved,1.9712448227753046
year,1.4218560187836233
where,1.5272410644081624
at,1.8169092432629472
became,1.162245498077013
came,1.6714362113368968
supported,1.1161101911915448
one,1.9488395243459244
asked,1.0193094523036181
girl,1.9139509857619468
point,1.9750858642413562
outside,1.1769850758962903
short,1.0812443721463054
college,1.4809340105097404
passing,1.992679523900644
zero,1.362237417310588
dealing,1.8968295733585012
kept,1.460080370642107
drinking,1.8547648927175369
than,1.6088052481824382
should,1.499174000111716
therapy,1.8854914254105524
eating,1.701059051922012
extremely,1.5980335561921188
ending,1.002009303182298
imagine,1.8937858079241883
fine,1.6982617060388907
easier,1.4949055830644065
without,1.4673451163590745
any,1.3090495268769342
its,1.4517622286325063
see,1.4784709671661582
games,1.6790701674415136
as,1.760424730886064
gets,1.5979370519591316
make,1.7692846321931532
achieved,1.9077591441547062
meet,1.3004754302358195
married,1.3797069839978178
man,1.4940783424032258
able,1.0407112773792355
hole,1.5188082499617497
world,1.272505060739485
problem,1.5774875802291048
step,1.425600030122911
quite,1.360374259198143
youth,1.5323696055919942
interested,1.535913327504526
look,1.165040738827584
certain,1.0650990393672288
craft,1.9363052123282198
head,1.9916285415506154
purpose,1.8620455315153508
making,1.340469063017701
speak,1.3431694243963528
effort,1.8179467388774422
huge,1.1128367978838156
pull,1.812079515245474
off,1.1944467484937984
sharing,1.380421174733439
connection,1.3048871834487947
remember,1.497671251303655
waiting,1.3807686468129416
lives,1.0163383372331682
semi,1.940334972536585
works,1.7455646045023043
give,1.5819737498665318
close,1.064265191387455
long,1.496600042337365
face,1.4867591689962858
interesting,1.6451401968638923
situations,1.9497203228730409
older,1.719200640607369
difficult,1.0244155598305997
films,1.2238764446813377
means,1.093828351263708
turned,1.2532536428340808
hell,1.6501797736602395
thanks,1.8725337406725429
despite,1.4492414828464297
fact,1.829167727728561
posting,1.4332155894026508
x,1.8320418899461495
come,1.3987946227653583
soon,1.5967255447555249
fuck,1.1130824805987256
care,1.7792286723532573
drive,1.065092861181815
side,1.1039053668938024
waste,1.8074494249647295
alcohol,1.5611744127630822
handle,1.3115927916815528
lack,1.3253790140138377
tests,1.0270040549637856
took,1.1997536442131977
completely,1.248141378153731
chance,1.7401907397808132
sort,1.9541354035841878
hi,1.17394391050398
growing,1.8772765793456367
through,1.6792535766316319
brain,1.2715227293697167
votes,1.3197519997042082
relief,1.5084348765684585
aware,1.537213413331874
nearly,1.3318715099987355
household,1.4699835102726688
happen,1.4823574392927956
played,1.2306830172854157
quiet,1.9250364703958909
minute,1.8082633766880536
working,1.0182271811013262
appear,1.7586428469069202
knows,1.5772367624116055
fit,1.0268312197169416
filled,1.6237837319804056
everyday,1.9736182285511674
towards,1.1774365468833616
big,1.8739846956232336
brief,1.302793987868768
commitment,1.6442815717209915
hide,1.4841707383340066
coming,1.1275812232894735
attacks,1.758034147366228
happened,1.5653663173742496
attack,1.2121317970563104
met,1.7749522223047793
future,1.8570583738572186
easily,1.037038949102809
wants,1.304713661013455
hey,1.4661566149184786
whatever,1.3257647569665278
billion,1.334767260418164
talk,1.7581729857145607
nor,1.8466122053880625
morning,1.483482286505244
considering,1.8772115299253889
drink,1.4113499813636439
previously,1.4649853425684847
himself,1.8464772375187246
obviously,1.9799478540320825
hair,1.3321019341259326
experience,1.158119059266859
driven,1.876010999060651
jobs,1.0701178490551109
moving,1.5240450870138775
finally,1.5930543041611909
study,1.416377563819383
continuing,1.547320213408619
finished,1.5263133260232733
helped,1.7252215899554144
truly,1.695644550986457
attempt,1.5539888448370562
done,1.673861737443334
tennis,1.5161266882882556
late,1.214605758092027
exists,1.8319483605997928
playing,1.542393768081812
exist,1.5503331424082083
proud,1.9036662105365336
severe,1.8558434986503465
prison,1.9726978230361802
exercise,1.8482076747889236
score,1.7536027982781917
afternoon,1.8354287682776083
cut,1.929570697437626
starting,1.163589893190644
keeping,1.5529197702581508
generally,1.076947705927835
fix,1.31110947075263
eu,1.2201430390469838
com,1.0808857533027847
ones,1.1843310793097694
lay,1.9575192316375223
knew,1.3344028231898366
major,1.8455829439760054
concerns,1.4177611276395095
typically,1.8307734813881904
birthday,1.380793153293357
cs,1.7949725469413451
graduate,1.044972077679395
brothers,1.6785600211430152
small,0.32383814327281624
we,-0.33298153793383206
first,-0.8954210373576107
amount,0.7321189941083655
find,0.48883793640146206
group,0.1315564694140631
found,0.09098650831738238
popular,-0.2720813222424265
cool,0.6979804459516142
were,-0.8525769905981891
also,0.3417825739509732
usually,0.6928257841298584
for,-0.4304029963649976
re,0.02924148299309498
those,0.9587731150337893
room,0.18199889114075973
whether,-0.11853554120490582
you,0.12929467197167208
here,-0.34446392927945935
entire,0.7019349072967956
two,-0.735664742990145
however,0.3211353050650748
clean,0.9501914888454464
month,0.27730982241585966
schools,0.33193007318592366
summer,0.4868844341266598
high,-0.4407278413835093
student,0.01719160142734783
least,-0.20295398142068738
yet,0.8391743043825881
while,0.5848486218247355
yes,-0.7733078281296644
real,0.3320966483258136
today,0.45676786848401074
kids,0.0011744622361416744
own,0.9394954875707534
young,-0.5156174804910145
writing,0.8815551142566755
blog,0.5488427711557117
feedback,-0.6811502433598396
issue,-0.42146039913583205
take,0.22380142565749928
let,0.023543868753336233
words,0.08618677182422535
example,0.15578278071553908
place,0.1976272933182983
decision,0.41517646375700273
process,-0.3551633932276268
vision,0.9990890253159013
then,0.8100135074951773
current,-0.7480916771339826
media,-0.22969673247226643
dark,0.8250829631366658
part,0.28927306389734114
photos,-0.8587247513368856
did,-0.2980205016037497
line,-0.7891288129040384
learn,-0.3822606928209296
these,0.23892224851556843
could,-0.1021265625386219
rest,0.7659961186989347
which,-0.4393126173729279
groups,0.24042845069057964
lead,0.464119267200469
full,-0.1641940498108906
change,0.30113699916518666
looking,0.4798083183117041
power,-0.32577513797919827
best,-0.25346357458495566
sense,0.7810555527092156
ask,-0.13763211178423435
changed,0.9484253368601497
does,-0.19709853005640798
potential,0.5107688383166695
position,0.14448163102136286
opportunities,0.4327873155209248
offered,0.8324410151570629
pay,-0.4308003227444356
d,-0.17667389821727447
sent,0.4543578600683554
car,-0.6628527486042751
due,-0.11705847477799819
across,0.3170406976947344
changes,-0.44732011221456636
will,-0.588014149026837
course,-0.9604369136310743
used,-0.6027023943119485
tv,-0.16860460751978643
shows,0.18142575769525499
form,-0.08191907946395065
simply,0.5848074689456197
included,0.0696004192938137
understanding,0.8544520375147246
photography,0.7275105499952426
ideas,0.48300652891339285
left,0.23247210582068584
paid,0.6191149674485071
class,0.02366290864543717
once,-0.21163116362963372
before,0.8891892289570398
share,0.8941035387367449
support,0.09781335493404501
receive,0.12590954914881053
another,-0.5151412971068785
cancer,0.5251986972041305
within,-0.177367067330815
force,0.9519766513497823
start,-0.19436468388997924
similar,0.329582029202643
different,-0.38605507268568207
university,-0.5912632575058073
follow,0.4519953243469221
second,-0.7706511521848382
half,0.8277353706842675
creative,0.8932518200912706
nature,0.24875723395416333
therefore,0.5834338612986775
problems,-0.33070498047249
perfect,0.621452739681101
house,-0.36937488174770955
fall,0.517124952011815
girls,-0.46829381433451805
known,0.1561763949880012
later,0.8522441477101663
seen,0.28702219140878454
light,-0.4004098803139451
studies,-0.1598204938361566
plan,-0.7854173751248125
both,-0.8532357828662391
call,-0.584408678474403
pressure,0.8083780909181035
client,0.4482036657143611
window,-0.08641125961397698
develop,0.7162301520222594
hospital,0.6105483658224373
body,-0.5181736431472447
gives,0.943624546807142
important,-0.5128358126964275
several,-0.1538976569953968
death,0.2069460009195593
term,-0.26932692251630336
sport,0.5715898154798102
round,0.588297210694641
mean,0.9319854278821192
helpful,0.9299692607835187
views,0.304485619904904
living,0.4981189487563989
player,0.05893693797065323
far,0.7155567686013063
fast,0.04049039417643638
energy,-0.284400747723739
poor,0.8857770796871043
browse,-0.42525812628215354
oh,0.23887373514063232
currently,0.11433376149807087
complete,-0.6625553522083167
stories,0.379802251883051
success,0.6456977516161742
safe,0.5621091892587232
computer,-0.8133359271456884
stay,0.24817843994989994
kind,0.42576727192448127
weight,0.0923473946819225
open,-0.4452818168133299
super,0.49437472547743827
sound,-0.0481258372666385
record,-0.07969906977128417
reading,0.6798915714360958
given,-0.38621074019706103
has,-1.2726677420195176
other,-1.4695912854584072
home,-1.3042572097215432
are,-1.552457998357692
health,-1.099537695387474
control,-1.3080550384988596
an,-1.9770345975158539
low,-1.0269149089707412
video,-1.4235024398546643
three,-1.375814525828405
sports,-1.4470278340130804
please,-1.9857065562044336
address,-1.687774843444852
music,-1.3218327679847877
between,-1.082388674188853
post,-1.182285368478466
posts,-1.3190384639559973
said,-1.066718558722761
their,-1.3710092817154753
such,-1.5269361112827466
phone,-1.6470963070211009
type,-1.219168395256851
read,-1.5948422978695294
students,-1.2127161445105055
women,-1.5346088040291164
comments,-1.3378355880972266
internet,-1.7024655472512515
each,-1.2520561968943982
during,-1.2267600998562906
under,-1.0494125545854747
special,-1.5490965810202857
terms,-1.2614925848236833
using,-1.7458356448230785
project,-1.4752238572149623
y,-1.1232043535269531
in,-2.19179807687993
city,-2.0529001494681145
on,-2.5794624898658927
from,-2.1687436607237194
more,-2.0684176565011647
state,-2.431176723306435
use,-2.9786317414278525
top,-2.6075405183639497
next,-2.270841393425554
research,-2.0515122489415165
book,-2.1841053813838602
r,-2.1339794605391815
contact,-3.4289127815113947
date,-3.121896780357222
his,-3.4956244401194363
pm,-3.6986956002740614
new,-4.567288650079952
our,-4.139204196058874
may,-4.6539656754668055
of,-5.812730960702734
us,-5.29673723069259
information,-5.0514722361430815
your,-6.521700944032729
by,-7.35313368615102
the,-11.341450665833861
